N°,INICIATIVA / PROYECTO,DESCRIPCIÓN DE SOLUCIÓN,INICIO,FIN,ESTADO,% AVANCE,IMPACTO,HORAS/SEM AHORRADAS,Lovable,HERRAMIENTAS
1,Monitor regulatorio inteligente (CREG),"Agente que monitorea publicaciones de la CREG, genera resúmenes ejecutivos y alerta sobre resoluciones relevantes para BIA (ej. CREG 701-122).",12/05/2026,30/05/2026,Ideación,0%,Alto,3,2,"n8n, Claude API, Gmail"
2,Dashboard de cobertura y margen en tiempo real,"Pipeline que consolida posición de contratos, cobertura vs. demanda proyectada y margen del negocio, con alertas automáticas.",12/05/2026,06/06/2026,Ideación,0%,Alto,4,3,"n8n, PostgreSQL, Google Sheets"
3,Tracker de licitaciones y oportunidades (SICEP/Derivex),"Monitor automático de rondas abiertas en SICEP, Derivex y otros procesos, con alertas de fechas clave y resúmenes de condiciones.",12/05/2026,30/05/2026,Ideación,0%,Alto,2,1.5,"n8n, Claude API, Gmail, Slack"
4,Benchmark automático de tarifas de competidores,"Scraper/agente que recopila tarifas publicadas por distribuidores y comercializadores, genera comparativo regulado/no regulado semanal.",19/05/2026,06/06/2026,Ideación,0%,Alto,2,1.5,"n8n, Claude API, Google Sheets"
5,Sistema de alertas tempranas de riesgo,"Agente que monitorea indicadores de riesgo (precios de bolsa, desbalances, exposición de contratos) y envía alertas priorizadas al equipo.",19/05/2026,13/06/2026,Ideación,0%,Alto,2,1.5,"n8n, Claude API, Slack, PostgreSQL"
6,Resumen semanal ejecutivo integrado,"Agente que integra Calendar, Gmail y Slack para generar un brief semanal con pendientes, decisiones clave y estado de proyectos del área.",26/05/2026,13/06/2026,Ideación,0%,Medio,2,1.5,"Claude, Google Calendar, Gmail, Slack"
7,Seguimiento automático de OKRs y proyectos,"Integración con Linear/n8n para consolidar el avance de OKRs, tareas de equipo y proyectos estratégicos en un reporte quincenal.",26/05/2026,20/06/2026,Ideación,0%,Medio,1.5,1,"Linear, n8n, Google Sheets"
8,Pipeline de oportunidades comerciales (CRM inteligente),"CRM automatizado para gestionar MoUs, alianzas, crecimiento inorgánico y seguimiento de relaciones con agentes del sector.",26/05/2026,27/06/2026,Ideación,0%,Alto,2,1.5,"HubSpot MCP, n8n, Claude API"
9,Reporte automático de generación e ingresos,"Pipeline que consolida la producción, despacho e ingresos de los proyectos de generación activos y los distribuye al equipo periódicamente.",02/06/2026,27/06/2026,Ideación,0%,Medio,1.5,1,"n8n, PostgreSQL, Google Sheets"
10,Preparación automática de agenda de reuniones,"Antes de cada reunión relevante, genera un brief con contexto del contacto, historial, pendientes y puntos clave a tratar.",02/06/2026,20/06/2026,Ideación,0%,Medio,1.5,1,"Claude API, Google Calendar, Gmail"
